Order ID,Order Date,Customer ID,Product,Category,Region,Quantity,Unit Price,Sales,Profit
1001,2022-01-01 00:00:00.000000000,151,Headphones,Technology,South,8,1289,10312,1748.49
1002,2022-01-02 11:03:43.647294589,192,Tablet,Technology,West,6,1324,7944,1402.33
1003,2022-01-03 22:07:27.294589178,114,Desk,Furniture,East,6,318,1908,206.33
1004,2022-01-05 09:11:10.941883767,171,Chair,Furniture,East,5,145,725,50.74
1005,2022-01-06 20:14:54.589178356,160,Backpack,Furniture,North,8,236,1888,461.01
1006,2022-01-08 07:18:38.236472945,120,Desk,Furniture,West,1,325,325,26.17
1007,2022-01-09 18:22:21.883767535,182,Laptop,Technology,West,4,1870,7480,1485.32
1008,2022-01-11 05:26:05.531062124,186,Printer,Technology,South,4,1258,5032,1429.65
1009,2022-01-12 16:29:49.178356713,174,Desk,Furniture,West,3,58,174,46.81
1010,2022-01-14 03:33:32.825651302,174,Headphones,Technology,West,3,1296,3888,464.38
1011,2022-01-15 14:37:16.472945891,187,Headphones,Technology,North,4,1257,5028,1321.67
1012,2022-01-17 01:41:00.120240481,199,Desk,Furniture,West,1,446,446,22.34
1013,2022-01-18 12:44:43.767535070,123,Pen,Office Supplies,East,2,23,46,2.5
1014,2022-01-19 23:48:27.414829659,102,Printer,Technology,North,9,1501,13509,2710.42
1015,2022-01-21 10:52:11.062124248,121,Laptop,Technology,North,2,1367,2734,386.04
1016,2022-01-22 21:55:54.709418837,152,Desk,Furniture,South,5,359,1795,263.17
1017,2022-01-24 08:59:38.356713426,101,Pen,Office Supplies,West,9,23,207,39.56
1018,2022-01-25 20:03:22.004008016,187,Headphones,Technology,South,9,433,3897,381.69
1019,2022-01-27 07:07:05.651302605,129,Headphones,Technology,East,8,1711,13688,1409.03
1020,2022-01-28 18:10:49.298597194,137,Chair,Furniture,North,1,320,320,54.77
1021,2022-01-30 05:14:32.945891783,101,Desk,Furniture,North,1,327,327,78.01
1022,2022-01-31 16:18:16.593186372,163,Printer,Technology,North,9,1409,12681,2598.01
1023,2022-02-02 03:22:00.240480962,159,Smartphone,Technology,East,8,795,6360,790.79
1024,2022-02-03 14:25:43.887775551,120,Printer,Technology,East,9,941,8469,1334.58
1025,2022-02-05 01:29:27.535070140,132,Headphones,Technology,South,7,424,2968,275.03
1026,2022-02-06 12:33:11.182364729,175,Headphones,Technology,South,3,1081,3243,222.66
1027,2022-02-07 23:36:54.829659318,157,Tablet,Technology,South,3,1414,4242,1042.15
1028,2022-02-09 10:40:38.476953907,121,Headphones,Technology,West,2,178,356,41.42
1029,2022-02-10 21:44:22.124248497,188,Laptop,Technology,North,5,1064,5320,502.43
1030,2022-02-12 08:48:05.771543086,148,Notebook,Office Supplies,North,3,8,24,5.35
1031,2022-02-13 19:51:49.418837675,190,Desk,Furniture,South,6,176,1056,215.97
1032,2022-02-15 06:55:33.066132264,158,Printer,Technology,North,2,1425,2850,593.65
1033,2022-02-16 17:59:16.713426853,141,Notebook,Office Supplies,South,3,38,114,12.22
1034,2022-02-18 05:03:00.360721442,191,Pen,Office Supplies,West,5,5,25,2.7
1035,2022-02-19 16:06:44.008016032,159,Smartphone,Technology,West,1,1568,1568,164.95
1036,2022-02-21 03:10:27.655310621,179,Laptop,Technology,East,1,135,135,12.61
1037,2022-02-22 14:14:11.302605210,114,Printer,Technology,West,9,1248,11232,2402.87
1038,2022-02-24 01:17:54.949899799,161,Notebook,Office Supplies,South,7,34,238,62.36
1039,2022-02-25 12:21:38.597194389,161,Smartphone,Technology,West,1,1266,1266,292.55
1040,2022-02-26 23:25:22.244488978,146,Tablet,Technology,East,8,360,2880,714.31
1041,2022-02-28 10:29:05.891783567,161,Laptop,Technology,North,3,1192,3576,540.69
1042,2022-03-01 21:32:49.539078156,150,Laptop,Technology,South,8,1291,10328,2205.22
1043,2022-03-03 08:36:33.186372745,154,Tablet,Technology,North,5,476,2380,329.77
1044,2022-03-04 19:40:16.833667334,163,Desk,Furniture,East,1,477,477,86.52
1045,2022-03-06 06:44:00.480961924,102,Tablet,Technology,East,7,1487,10409,1773.78
1046,2022-03-07 17:47:44.128256513,150,Laptop,Technology,East,5,163,815,76.79
1047,2022-03-09 04:51:27.775551102,106,Laptop,Technology,North,6,1218,7308,1072.59
1048,2022-03-10 15:55:11.422845691,120,Notebook,Office Supplies,North,6,26,156,45.39
1049,2022-03-12 02:58:55.070140280,172,Headphones,Technology,North,8,1721,13768,1544.01
1050,2022-03-13 14:02:38.717434869,138,Smartphone,Technology,North,9,352,3168,264.37
1051,2022-03-15 01:06:22.364729459,117,Tablet,Technology,East,2,793,1586,245.27
1052,2022-03-16 12:10:06.012024048,103,Smartphone,Technology,East,9,1954,17586,4354.02
1053,2022-03-17 23:13:49.659318637,188,Tablet,Technology,South,9,637,5733,1121.01
1054,2022-03-19 10:17:33.306613226,159,Pen,Office Supplies,South,7,27,189,41.63
1055,2022-03-20 21:21:16.953907815,113,Laptop,Technology,North,1,1913,1913,186.37
1056,2022-03-22 08:25:00.601202404,108,Headphones,Technology,West,7,394,2758,564.66
1057,2022-03-23 19:28:44.248496994,189,Notebook,Office Supplies,West,5,46,230,30.1
1058,2022-03-25 06:32:27.895791583,152,Headphones,Technology,East,6,850,5100,1318.74
1059,2022-03-26 17:36:11.543086172,101,Headphones,Technology,East,7,1074,7518,1558.67
1060,2022-03-28 04:39:55.190380761,183,Headphones,Technology,East,5,1220,6100,608.26
1061,2022-03-29 15:43:38.837675350,191,Smartphone,Technology,South,7,1360,9520,629.79
1062,2022-03-31 02:47:22.484969939,159,Tablet,Technology,South,9,1727,15543,942.81
1063,2022-04-01 13:51:06.132264529,170,Backpack,Furniture,East,3,72,216,30.86
1064,2022-04-03 00:54:49.779559118,143,Pen,Office Supplies,East,8,48,384,44.72
1065,2022-04-04 11:58:33.426853707,107,Printer,Technology,East,2,1142,2284,483.12
1066,2022-04-05 23:02:17.074148296,146,Headphones,Technology,West,7,410,2870,501.77
1067,2022-04-07 10:06:00.721442885,134,Desk,Furniture,South,2,109,218,25.4
1068,2022-04-08 21:09:44.368737475,177,Smartphone,Technology,West,4,1293,5172,451.56
1069,2022-04-10 08:13:28.016032064,180,Notebook,Office Supplies,West,7,2,14,1.15
1070,2022-04-11 19:17:11.663326653,135,Printer,Technology,East,3,1059,3177,845.61
1071,2022-04-13 06:20:55.310621242,149,Backpack,Furniture,East,2,211,422,46.79
1072,2022-04-14 17:24:38.957915831,103,Desk,Furniture,North,7,473,3311,705.0
1073,2022-04-16 04:28:22.605210420,101,Backpack,Furniture,North,1,82,82,20.72
1074,2022-04-17 15:32:06.252505010,105,Printer,Technology,West,8,1658,13264,2699.49
1075,2022-04-19 02:35:49.899799598,153,Headphones,Technology,South,3,1234,3702,980.63
1076,2022-04-20 13:39:33.547094188,103,Desk,Furniture,East,2,188,376,55.69
1077,2022-04-22 00:43:17.194388778,153,Backpack,Furniture,East,3,108,324,93.65
1078,2022-04-23 11:47:00.841683366,192,Notebook,Office Supplies,West,5,48,240,19.99
1079,2022-04-24 22:50:44.488977956,162,Tablet,Technology,North,8,830,6640,501.57
1080,2022-04-26 09:54:28.136272544,117,Laptop,Technology,South,7,634,4438,952.72
1081,2022-04-27 20:58:11.783567134,189,Tablet,Technology,North,7,1830,12810,3659.92
1082,2022-04-29 08:01:55.430861722,143,Printer,Technology,North,7,638,4466,1126.42
1083,2022-04-30 19:05:39.078156312,133,Smartphone,Technology,North,8,1232,9856,681.09
1084,2022-05-02 06:09:22.725450902,173,Laptop,Technology,North,1,538,538,64.47
1085,2022-05-03 17:13:06.372745490,161,Pen,Office Supplies,East,4,11,44,12.43
1086,2022-05-05 04:16:50.020040080,199,Notebook,Office Supplies,East,6,4,24,2.72
1087,2022-05-06 15:20:33.667334668,113,Pen,Office Supplies,North,9,34,306,75.06
1088,2022-05-08 02:24:17.314629258,194,Desk,Furniture,South,2,400,800,205.03
1089,2022-05-09 13:28:00.961923848,147,Laptop,Technology,West,1,1175,1175,204.29
1090,2022-05-11 00:31:44.609218436,114,Pen,Office Supplies,South,2,46,92,13.49
1091,2022-05-12 11:35:28.256513026,171,Pen,Office Supplies,South,7,4,28,4.55
1092,2022-05-13 22:39:11.903807614,177,Backpack,Furniture,South,3,121,363,38.75
1093,2022-05-15 09:42:55.551102204,186,Tablet,Technology,North,2,68,136,37.04
1094,2022-05-16 20:46:39.198396792,161,Backpack,Furniture,East,7,473,3311,538.55
1095,2022-05-18 07:50:22.845691382,139,Laptop,Technology,South,2,1555,3110,841.61
1096,2022-05-19 18:54:06.492985972,184,Laptop,Technology,North,3,1667,5001,382.19
1097,2022-05-21 05:57:50.140280560,179,Printer,Technology,South,7,446,3122,927.45
1098,2022-05-22 17:01:33.787575150,181,Backpack,Furniture,South,4,298,1192,191.7
1099,2022-05-24 04:05:17.434869738,152,Chair,Furniture,North,1,358,358,22.18
1100,2022-05-25 15:09:01.082164328,123,Tablet,Technology,East,5,1438,7190,427.84
1101,2022-05-27 02:12:44.729458918,125,Laptop,Technology,East,9,1404,12636,2989.07
1102,2022-05-28 13:16:28.376753506,188,Printer,Technology,West,8,1714,13712,2944.77
1103,2022-05-30 00:20:12.024048096,159,Backpack,Furniture,North,9,363,3267,818.49
1104,2022-05-31 11:23:55.671342684,140,Tablet,Technology,West,9,871,7839,598.44
1105,2022-06-01 22:27:39.318637274,128,Backpack,Furniture,West,7,474,3318,195.41
1106,2022-06-03 09:31:22.965931864,114,Pen,Office Supplies,West,4,25,100,17.71
1107,2022-06-04 20:35:06.613226452,144,Printer,Technology,East,5,774,3870,568.5
1108,2022-06-06 07:38:50.260521042,164,Tablet,Technology,North,1,1728,1728,285.96
1109,2022-06-07 18:42:33.907815630,188,Headphones,Technology,West,1,1138,1138,339.01
1110,2022-06-09 05:46:17.555110220,170,Desk,Furniture,North,3,95,285,83.42
1111,2022-06-10 16:50:01.202404808,108,Desk,Furniture,North,8,218,1744,498.05
1112,2022-06-12 03:53:44.849699398,187,Tablet,Technology,East,2,192,384,94.45
1113,2022-06-13 14:57:28.496993988,100,Backpack,Furniture,West,4,424,1696,235.25
1114,2022-06-15 02:01:12.144288576,107,Printer,Technology,West,2,1988,3976,608.46
1115,2022-06-16 13:04:55.791583166,187,Desk,Furniture,North,5,335,1675,313.9
1116,2022-06-18 00:08:39.438877754,162,Printer,Technology,South,9,654,5886,1516.43
1117,2022-06-19 11:12:23.086172344,110,Desk,Furniture,East,1,492,492,33.05
1118,2022-06-20 22:16:06.733466934,180,Pen,Office Supplies,East,5,33,165,25.75
1119,2022-06-22 09:19:50.380761522,107,Backpack,Furniture,East,9,324,2916,206.03
1120,2022-06-23 20:23:34.028056112,134,Pen,Office Supplies,East,1,32,32,5.72
1121,2022-06-25 07:27:17.675350700,134,Desk,Furniture,West,9,310,2790,766.48
1122,2022-06-26 18:31:01.322645290,132,Headphones,Technology,West,8,151,1208,296.71
1123,2022-06-28 05:34:44.969939878,104,Headphones,Technology,South,4,1340,5360,573.31
1124,2022-06-29 16:38:28.617234468,140,Pen,Office Supplies,East,5,35,175,51.45
1125,2022-07-01 03:42:12.264529058,127,Headphones,Technology,East,5,1017,5085,1102.62
1126,2022-07-02 14:45:55.911823646,106,Desk,Furniture,North,6,129,774,40.72
1127,2022-07-04 01:49:39.559118236,172,Tablet,Technology,West,7,1023,7161,815.3
1128,2022-07-05 12:53:23.206412824,171,Pen,Office Supplies,East,8,10,80,9.21
1129,2022-07-06 23:57:06.853707414,111,Smartphone,Technology,South,8,1011,8088,544.43
1130,2022-07-08 11:00:50.501002004,133,Backpack,Furniture,South,2,449,898,260.38
1131,2022-07-09 22:04:34.148296592,132,Headphones,Technology,West,9,1850,16650,2823.24
1132,2022-07-11 09:08:17.795591182,147,Headphones,Technology,South,7,1076,7532,2063.42
1133,2022-07-12 20:12:01.442885770,122,Laptop,Technology,South,4,134,536,69.98
1134,2022-07-14 07:15:45.090180360,161,Chair,Furniture,West,4,301,1204,97.9
1135,2022-07-15 18:19:28.737474950,187,Pen,Office Supplies,East,8,8,64,10.79
1136,2022-07-17 05:23:12.384769538,136,Notebook,Office Supplies,East,4,48,192,15.07
1137,2022-07-18 16:26:56.032064128,198,Headphones,Technology,South,6,1523,9138,1567.2
1138,2022-07-20 03:30:39.679358716,143,Backpack,Furniture,South,5,473,2365,662.38
1139,2022-07-21 14:34:23.326653306,185,Smartphone,Technology,East,3,1997,5991,1079.53
1140,2022-07-23 01:38:06.973947894,190,Headphones,Technology,West,2,678,1356,276.79
1141,2022-07-24 12:41:50.621242484,134,Smartphone,Technology,South,9,1294,11646,1038.35
1142,2022-07-25 23:45:34.268537074,164,Desk,Furniture,North,9,173,1557,94.87
1143,2022-07-27 10:49:17.915831662,198,Desk,Furniture,West,1,172,172,13.36
1144,2022-07-28 21:53:01.563126252,146,Chair,Furniture,South,3,31,93,18.57
1145,2022-07-30 08:56:45.210420840,177,Tablet,Technology,South,8,1206,9648,711.57
1146,2022-07-31 20:00:28.857715428,102,Notebook,Office Supplies,North,6,34,204,29.38
1147,2022-08-02 07:04:12.505010020,100,Laptop,Technology,North,5,353,1765,330.98
1148,2022-08-03 18:07:56.152304608,104,Chair,Furniture,East,5,312,1560,229.57
1149,2022-08-05 05:11:39.799599196,189,Printer,Technology,West,6,1024,6144,558.62
1150,2022-08-06 16:15:23.446893788,113,Laptop,Technology,West,7,1373,9611,1138.4
1151,2022-08-08 03:19:07.094188376,126,Pen,Office Supplies,East,1,36,36,10.15
1152,2022-08-09 14:22:50.741482964,108,Backpack,Furniture,West,9,290,2610,571.58
1153,2022-08-11 01:26:34.388777556,178,Printer,Technology,West,3,92,276,48.03
1154,2022-08-12 12:30:18.036072144,114,Printer,Technology,West,4,993,3972,211.23
1155,2022-08-13 23:34:01.683366732,189,Chair,Furniture,West,1,362,362,107.91
1156,2022-08-15 10:37:45.330661320,141,Tablet,Technology,West,3,1399,4197,914.37
1157,2022-08-16 21:41:28.977955912,176,Chair,Furniture,North,2,321,642,82.97
1158,2022-08-18 08:45:12.625250500,150,Pen,Office Supplies,West,2,44,88,23.74
1159,2022-08-19 19:48:56.272545088,162,Headphones,Technology,North,1,940,940,107.73
1160,2022-08-21 06:52:39.919839680,195,Headphones,Technology,West,8,476,3808,708.3
1161,2022-08-22 17:56:23.567134268,151,Tablet,Technology,East,3,1054,3162,660.91
1162,2022-08-24 05:00:07.214428856,195,Pen,Office Supplies,South,3,21,63,6.63
1163,2022-08-25 16:03:50.861723444,103,Tablet,Technology,North,6,456,2736,806.02
1164,2022-08-27 03:07:34.509018036,193,Smartphone,Technology,West,8,668,5344,1266.78
1165,2022-08-28 14:11:18.156312624,122,Headphones,Technology,East,9,1064,9576,1814.2
1166,2022-08-30 01:15:01.803607212,114,Printer,Technology,South,9,385,3465,329.69
1167,2022-08-31 12:18:45.450901804,142,Notebook,Office Supplies,North,4,47,188,11.93
1168,2022-09-01 23:22:29.098196392,128,Backpack,Furniture,South,5,136,680,88.41
1169,2022-09-03 10:26:12.745490980,135,Pen,Office Supplies,East,2,15,30,7.15
1170,2022-09-04 21:29:56.392785572,112,Laptop,Technology,North,9,842,7578,889.15
1171,2022-09-06 08:33:40.040080160,131,Tablet,Technology,South,8,1877,15016,2776.29
1172,2022-09-07 19:37:23.687374748,170,Backpack,Furniture,West,3,222,666,154.5
1173,2022-09-09 06:41:07.334669336,158,Laptop,Technology,North,9,100,900,69.29
1174,2022-09-10 17:44:50.981963928,185,Backpack,Furniture,South,3,290,870,192.55
1175,2022-09-12 04:48:34.629258516,127,Notebook,Office Supplies,East,9,4,36,2.63
1176,2022-09-13 15:52:18.276553104,165,Laptop,Technology,East,2,838,1676,488.19
1177,2022-09-15 02:56:01.923847696,141,Chair,Furniture,North,9,160,1440,247.82
1178,2022-09-16 13:59:45.571142284,144,Desk,Furniture,South,8,489,3912,342.96
1179,2022-09-18 01:03:29.218436872,161,Chair,Furniture,North,9,294,2646,358.79
1180,2022-09-19 12:07:12.865731460,156,Headphones,Technology,North,5,1875,9375,1437.69
1181,2022-09-20 23:10:56.513026052,105,Desk,Furniture,South,2,353,706,169.12
1182,2022-09-22 10:14:40.160320640,127,Chair,Furniture,South,8,400,3200,754.74
1183,2022-09-23 21:18:23.807615228,127,Desk,Furniture,West,6,471,2826,573.64
1184,2022-09-25 08:22:07.454909820,143,Desk,Furniture,South,8,392,3136,239.85
1185,2022-09-26 19:25:51.102204408,183,Printer,Technology,East,5,1637,8185,719.4
1186,2022-09-28 06:29:34.749498996,129,Tablet,Technology,North,2,543,1086,79.76
1187,2022-09-29 17:33:18.396793584,161,Tablet,Technology,North,6,1612,9672,1879.2
1188,2022-10-01 04:37:02.044088176,174,Printer,Technology,East,5,1742,8710,2345.47
1189,2022-10-02 15:40:45.691382764,191,Backpack,Furniture,South,5,258,1290,204.4
1190,2022-10-04 02:44:29.338677352,188,Smartphone,Technology,East,1,1229,1229,110.87
1191,2022-10-05 13:48:12.985971944,161,Backpack,Furniture,East,2,310,620,117.5
1192,2022-10-07 00:51:56.633266532,196,Laptop,Technology,West,8,1721,13768,3482.45
1193,2022-10-08 11:55:40.280561120,100,Laptop,Technology,East,3,1217,3651,859.55
1194,2022-10-09 22:59:23.927855712,126,Desk,Furniture,North,3,125,375,101.39
1195,2022-10-11 10:03:07.575150300,161,Chair,Furniture,East,8,439,3512,419.6
1196,2022-10-12 21:06:51.222444888,176,Chair,Furniture,North,8,177,1416,139.46
1197,2022-10-14 08:10:34.869739476,102,Tablet,Technology,North,2,1731,3462,934.58
1198,2022-10-15 19:14:18.517034068,169,Pen,Office Supplies,North,8,2,16,3.43
1199,2022-10-17 06:18:02.164328656,171,Backpack,Furniture,South,1,452,452,57.73
1200,2022-10-18 17:21:45.811623244,126,Headphones,Technology,West,6,638,3828,901.83
1201,2022-10-20 04:25:29.458917836,108,Notebook,Office Supplies,North,8,4,32,8.12
1202,2022-10-21 15:29:13.106212424,161,Chair,Furniture,North,3,109,327,66.62
1203,2022-10-23 02:32:56.753507012,136,Notebook,Office Supplies,South,8,25,200,44.39
1204,2022-10-24 13:36:40.400801600,196,Desk,Furniture,North,1,369,369,53.07
1205,2022-10-26 00:40:24.048096192,150,Notebook,Office Supplies,East,9,11,99,18.28
1206,2022-10-27 11:44:07.695390780,143,Headphones,Technology,East,9,1336,12024,2176.82
1207,2022-10-28 22:47:51.342685368,123,Printer,Technology,West,5,1424,7120,1865.53
1208,2022-10-30 09:51:34.989979960,178,Headphones,Technology,North,4,1181,4724,1228.2
1209,2022-10-31 20:55:18.637274548,158,Notebook,Office Supplies,South,6,10,60,15.49
1210,2022-11-02 07:59:02.284569136,131,Headphones,Technology,East,7,1112,7784,410.67
1211,2022-11-03 19:02:45.931863728,195,Smartphone,Technology,South,5,958,4790,1137.08
1212,2022-11-05 06:06:29.579158316,187,Desk,Furniture,South,9,178,1602,383.95
1213,2022-11-06 17:10:13.226452904,151,Backpack,Furniture,East,3,90,270,59.29
1214,2022-11-08 04:13:56.873747492,161,Printer,Technology,South,7,1008,7056,1686.85
1215,2022-11-09 15:17:40.521042084,157,Chair,Furniture,East,5,331,1655,431.12
1216,2022-11-11 02:21:24.168336672,151,Laptop,Technology,South,7,1314,9198,1541.4
1217,2022-11-12 13:25:07.815631260,111,Backpack,Furniture,East,2,445,890,156.21
1218,2022-11-14 00:28:51.462925852,138,Laptop,Technology,North,4,494,1976,160.41
1219,2022-11-15 11:32:35.110220440,101,Desk,Furniture,West,2,317,634,92.78
1220,2022-11-16 22:36:18.757515028,102,Printer,Technology,East,7,1001,7007,1477.36
1221,2022-11-18 09:40:02.404809616,155,Tablet,Technology,East,2,85,170,41.67
1222,2022-11-19 20:43:46.052104208,180,Chair,Furniture,West,1,103,103,10.74
1223,2022-11-21 07:47:29.699398796,158,Smartphone,Technology,East,9,1525,13725,1159.15
1224,2022-11-22 18:51:13.346693384,101,Tablet,Technology,East,1,1959,1959,422.67
1225,2022-11-24 05:54:56.993987976,101,Desk,Furniture,South,8,282,2256,113.86
1226,2022-11-25 16:58:40.641282564,191,Backpack,Furniture,West,2,329,658,62.24
1227,2022-11-27 04:02:24.288577152,153,Smartphone,Technology,North,8,1458,11664,667.97
1228,2022-11-28 15:06:07.935871744,186,Headphones,Technology,East,3,1245,3735,342.58
1229,2022-11-30 02:09:51.583166332,195,Notebook,Office Supplies,West,6,45,270,25.74
1230,2022-12-01 13:13:35.230460920,196,Smartphone,Technology,South,3,1435,4305,632.48
1231,2022-12-03 00:17:18.877755508,100,Desk,Furniture,North,7,66,462,69.57
1232,2022-12-04 11:21:02.525050100,118,Pen,Office Supplies,West,9,13,117,31.42
1233,2022-12-05 22:24:46.172344688,101,Notebook,Office Supplies,North,2,22,44,7.81
1234,2022-12-07 09:28:29.819639276,152,Laptop,Technology,North,5,1191,5955,1374.72
1235,2022-12-08 20:32:13.466933868,143,Chair,Furniture,North,6,296,1776,135.04
1236,2022-12-10 07:35:57.114228456,189,Laptop,Technology,East,4,775,3100,329.72
1237,2022-12-11 18:39:40.761523044,131,Smartphone,Technology,East,4,1293,5172,1167.51
1238,2022-12-13 05:43:24.408817632,169,Laptop,Technology,South,4,1978,7912,500.05
1239,2022-12-14 16:47:08.056112224,131,Desk,Furniture,South,2,45,90,15.45
1240,2022-12-16 03:50:51.703406812,167,Headphones,Technology,West,4,570,2280,455.64
1241,2022-12-17 14:54:35.350701400,154,Backpack,Furniture,South,1,290,290,58.16
1242,2022-12-19 01:58:18.997995992,174,Chair,Furniture,North,6,29,174,9.7
1243,2022-12-20 13:02:02.645290580,155,Laptop,Technology,North,1,1033,1033,134.83
1244,2022-12-22 00:05:46.292585168,116,Laptop,Technology,East,6,427,2562,535.77
1245,2022-12-23 11:09:29.939879756,137,Smartphone,Technology,North,1,1706,1706,148.85
1246,2022-12-24 22:13:13.587174348,123,Backpack,Furniture,West,6,144,864,193.41
1247,2022-12-26 09:16:57.234468936,168,Tablet,Technology,North,8,731,5848,1382.94
1248,2022-12-27 20:20:40.881763524,197,Laptop,Technology,North,2,633,1266,374.09
1249,2022-12-29 07:24:24.529058116,169,Desk,Furniture,West,2,171,342,35.04
1250,2022-12-30 18:28:08.176352704,185,Pen,Office Supplies,South,4,16,64,16.4
1251,2023-01-01 05:31:51.823647292,110,Chair,Furniture,South,3,68,204,36.74
1252,2023-01-02 16:35:35.470941884,115,Laptop,Technology,West,4,1227,4908,703.64
1253,2023-01-04 03:39:19.118236472,196,Desk,Furniture,East,7,366,2562,206.48
1254,2023-01-05 14:43:02.765531060,172,Desk,Furniture,North,1,312,312,72.97
1255,2023-01-07 01:46:46.412825648,158,Chair,Furniture,West,6,87,522,56.88
1256,2023-01-08 12:50:30.060120240,169,Tablet,Technology,North,3,99,297,42.43
1257,2023-01-09 23:54:13.707414828,179,Desk,Furniture,East,7,171,1197,78.57
1258,2023-01-11 10:57:57.354709416,192,Pen,Office Supplies,North,2,19,38,9.51
1259,2023-01-12 22:01:41.002004008,102,Desk,Furniture,West,2,119,238,57.51
1260,2023-01-14 09:05:24.649298596,119,Desk,Furniture,North,4,79,316,73.76
1261,2023-01-15 20:09:08.296593184,158,Desk,Furniture,South,1,186,186,23.22
1262,2023-01-17 07:12:51.943887772,135,Headphones,Technology,East,3,1275,3825,357.14
1263,2023-01-18 18:16:35.591182364,118,Headphones,Technology,East,9,906,8154,1707.35
1264,2023-01-20 05:20:19.238476952,189,Tablet,Technology,East,7,195,1365,237.57
1265,2023-01-21 16:24:02.885771540,166,Laptop,Technology,West,7,964,6748,638.11
1266,2023-01-23 03:27:46.533066132,118,Desk,Furniture,East,4,183,732,162.12
1267,2023-01-24 14:31:30.180360720,119,Backpack,Furniture,South,2,477,954,284.08
1268,2023-01-26 01:35:13.827655308,195,Laptop,Technology,West,4,1042,4168,987.0
1269,2023-01-27 12:38:57.474949900,170,Tablet,Technology,South,6,1512,9072,2131.89
1270,2023-01-28 23:42:41.122244488,151,Printer,Technology,North,3,291,873,251.06
1271,2023-01-30 10:46:24.769539076,132,Laptop,Technology,North,1,630,630,63.46
1272,2023-01-31 21:50:08.416833664,139,Laptop,Technology,North,8,736,5888,1126.89
1273,2023-02-02 08:53:52.064128256,138,Notebook,Office Supplies,North,5,49,245,72.25
1274,2023-02-03 19:57:35.711422844,181,Smartphone,Technology,South,5,532,2660,242.92
1275,2023-02-05 07:01:19.358717432,100,Notebook,Office Supplies,West,4,44,176,39.61
1276,2023-02-06 18:05:03.006012024,110,Pen,Office Supplies,West,6,34,204,40.08
1277,2023-02-08 05:08:46.653306612,191,Headphones,Technology,East,3,722,2166,425.88
1278,2023-02-09 16:12:30.300601200,156,Headphones,Technology,South,9,680,6120,1373.44
1279,2023-02-11 03:16:13.947895788,188,Smartphone,Technology,North,5,710,3550,1002.54
1280,2023-02-12 14:19:57.595190380,149,Chair,Furniture,South,3,484,1452,356.68
1281,2023-02-14 01:23:41.242484968,122,Chair,Furniture,East,1,169,169,10.82
1282,2023-02-15 12:27:24.889779556,130,Tablet,Technology,East,6,1505,9030,2376.53
1283,2023-02-16 23:31:08.537074148,193,Smartphone,Technology,South,2,854,1708,181.71
1284,2023-02-18 10:34:52.184368736,141,Laptop,Technology,South,3,1728,5184,747.68
1285,2023-02-19 21:38:35.831663324,198,Chair,Furniture,South,1,438,438,72.46
1286,2023-02-21 08:42:19.478957912,106,Desk,Furniture,West,9,495,4455,758.36
1287,2023-02-22 19:46:03.126252504,115,Backpack,Furniture,North,8,474,3792,602.15
1288,2023-02-24 06:49:46.773547096,189,Laptop,Technology,South,2,1233,2466,701.18
1289,2023-02-25 17:53:30.420841680,159,Pen,Office Supplies,South,8,11,88,19.93
1290,2023-02-27 04:57:14.068136272,101,Desk,Furniture,South,9,157,1413,293.61
1291,2023-02-28 16:00:57.715430856,100,Desk,Furniture,East,1,476,476,29.73
1292,2023-03-02 03:04:41.362725448,147,Smartphone,Technology,East,5,639,3195,881.75
1293,2023-03-03 14:08:25.010020040,111,Tablet,Technology,West,8,1150,9200,2551.6
1294,2023-03-05 01:12:08.657314624,168,Pen,Office Supplies,North,2,25,50,12.25
1295,2023-03-06 12:15:52.304609216,136,Chair,Furniture,West,4,277,1108,57.35
1296,2023-03-07 23:19:35.951903808,131,Smartphone,Technology,North,7,1393,9751,627.18
1297,2023-03-09 10:23:19.599198392,108,Chair,Furniture,East,3,310,930,98.86
1298,2023-03-10 21:27:03.246492984,198,Smartphone,Technology,East,5,312,1560,129.23
1299,2023-03-12 08:30:46.893787576,118,Smartphone,Technology,East,8,1670,13360,2000.11
1300,2023-03-13 19:34:30.541082160,147,Smartphone,Technology,West,3,1731,5193,1457.45
1301,2023-03-15 06:38:14.188376752,179,Tablet,Technology,South,4,1908,7632,1282.29
1302,2023-03-16 17:41:57.835671344,102,Smartphone,Technology,South,9,1627,14643,781.21
1303,2023-03-18 04:45:41.482965928,119,Printer,Technology,East,7,1447,10129,1222.43
1304,2023-03-19 15:49:25.130260520,123,Backpack,Furniture,South,1,144,144,8.81
1305,2023-03-21 02:53:08.777555112,153,Chair,Furniture,South,4,186,744,43.95
1306,2023-03-22 13:56:52.424849696,132,Laptop,Technology,West,4,1826,7304,868.66
1307,2023-03-24 01:00:36.072144288,123,Notebook,Office Supplies,North,9,11,99,11.77
1308,2023-03-25 12:04:19.719438872,174,Pen,Office Supplies,East,6,39,234,57.75
1309,2023-03-26 23:08:03.366733464,171,Headphones,Technology,East,9,1353,12177,3576.49
1310,2023-03-28 10:11:47.014028056,135,Tablet,Technology,West,6,749,4494,641.75
1311,2023-03-29 21:15:30.661322640,137,Laptop,Technology,West,6,351,2106,331.11
1312,2023-03-31 08:19:14.308617232,183,Desk,Furniture,South,5,38,190,49.63
1313,2023-04-01 19:22:57.955911824,198,Printer,Technology,East,5,1653,8265,967.29
1314,2023-04-03 06:26:41.603206408,188,Headphones,Technology,North,2,1291,2582,230.04
1315,2023-04-04 17:30:25.250501000,198,Notebook,Office Supplies,West,8,38,304,80.03
1316,2023-04-06 04:34:08.897795592,124,Laptop,Technology,North,8,603,4824,297.28
1317,2023-04-07 15:37:52.545090176,192,Headphones,Technology,North,1,337,337,69.06
1318,2023-04-09 02:41:36.192384768,117,Laptop,Technology,East,8,1240,9920,1889.74
1319,2023-04-10 13:45:19.839679360,181,Printer,Technology,East,5,670,3350,457.21
1320,2023-04-12 00:49:03.486973944,165,Notebook,Office Supplies,West,2,46,92,11.85
1321,2023-04-13 11:52:47.134268536,153,Desk,Furniture,East,2,55,110,26.73
1322,2023-04-14 22:56:30.781563128,134,Smartphone,Technology,East,6,793,4758,340.7
1323,2023-04-16 10:00:14.428857712,179,Chair,Furniture,East,9,248,2232,243.73
1324,2023-04-17 21:03:58.076152304,160,Desk,Furniture,North,1,372,372,86.72
1325,2023-04-19 08:07:41.723446888,140,Smartphone,Technology,West,6,1749,10494,1963.22
1326,2023-04-20 19:11:25.370741480,199,Tablet,Technology,South,9,1972,17748,1455.28
1327,2023-04-22 06:15:09.018036072,132,Backpack,Furniture,North,8,92,736,199.11
1328,2023-04-23 17:18:52.665330656,167,Pen,Office Supplies,East,6,8,48,7.12
1329,2023-04-25 04:22:36.312625248,132,Pen,Office Supplies,North,3,33,99,25.44
1330,2023-04-26 15:26:19.959919840,113,Chair,Furniture,East,8,398,3184,786.22
1331,2023-04-28 02:30:03.607214424,120,Notebook,Office Supplies,East,9,6,54,11.13
1332,2023-04-29 13:33:47.254509016,147,Printer,Technology,North,1,474,474,82.3
1333,2023-05-01 00:37:30.901803608,119,Notebook,Office Supplies,West,9,39,351,103.51
1334,2023-05-02 11:41:14.549098192,107,Printer,Technology,East,6,757,4542,391.71
1335,2023-05-03 22:44:58.196392784,106,Notebook,Office Supplies,West,6,13,78,18.04
1336,2023-05-05 09:48:41.843687376,166,Backpack,Furniture,South,4,68,272,26.6
1337,2023-05-06 20:52:25.490981960,116,Tablet,Technology,East,1,877,877,118.01
1338,2023-05-08 07:56:09.138276552,132,Tablet,Technology,West,8,1715,13720,1744.84
1339,2023-05-09 18:59:52.785571144,147,Smartphone,Technology,West,2,1005,2010,576.39
1340,2023-05-11 06:03:36.432865728,175,Headphones,Technology,South,1,566,566,165.18
1341,2023-05-12 17:07:20.080160320,158,Tablet,Technology,West,2,477,954,91.35
1342,2023-05-14 04:11:03.727454904,185,Tablet,Technology,West,1,1612,1612,89.48
1343,2023-05-15 15:14:47.374749496,121,Desk,Furniture,South,1,179,179,41.17
1344,2023-05-17 02:18:31.022044088,129,Desk,Furniture,East,9,168,1512,233.6
1345,2023-05-18 13:22:14.669338672,137,Smartphone,Technology,West,1,825,825,59.57
1346,2023-05-20 00:25:58.316633264,150,Headphones,Technology,West,4,1303,5212,1151.53
1347,2023-05-21 11:29:41.963927856,153,Chair,Furniture,West,6,219,1314,244.77
1348,2023-05-22 22:33:25.611222440,107,Desk,Furniture,North,7,69,483,142.55
1349,2023-05-24 09:37:09.258517032,126,Chair,Furniture,South,2,86,172,18.38
1350,2023-05-25 20:40:52.905811624,126,Laptop,Technology,North,6,1063,6378,963.04
1351,2023-05-27 07:44:36.553106208,197,Desk,Furniture,South,7,319,2233,414.53
1352,2023-05-28 18:48:20.200400800,120,Backpack,Furniture,East,2,400,800,198.34
1353,2023-05-30 05:52:03.847695392,129,Headphones,Technology,East,2,107,214,40.06
1354,2023-05-31 16:55:47.494989976,196,Smartphone,Technology,West,7,1332,9324,1894.87
1355,2023-06-02 03:59:31.142284568,127,Laptop,Technology,South,1,391,391,41.66
1356,2023-06-03 15:03:14.789579160,163,Headphones,Technology,East,8,1911,15288,4001.32
1357,2023-06-05 02:06:58.436873744,196,Backpack,Furniture,South,3,149,447,70.25
1358,2023-06-06 13:10:42.084168336,168,Headphones,Technology,East,6,776,4656,396.88
1359,2023-06-08 00:14:25.731462920,160,Backpack,Furniture,North,9,191,1719,371.38
1360,2023-06-09 11:18:09.378757512,147,Backpack,Furniture,East,6,277,1662,172.89
1361,2023-06-10 22:21:53.026052104,118,Chair,Furniture,North,9,121,1089,81.01
1362,2023-06-12 09:25:36.673346688,103,Notebook,Office Supplies,East,7,17,119,31.59
1363,2023-06-13 20:29:20.320641280,134,Laptop,Technology,West,9,1876,16884,2786.54
1364,2023-06-15 07:33:03.967935872,163,Headphones,Technology,North,2,403,806,191.28
1365,2023-06-16 18:36:47.615230456,148,Printer,Technology,East,8,1544,12352,1514.93
1366,2023-06-18 05:40:31.262525048,116,Laptop,Technology,West,8,1871,14968,3693.24
1367,2023-06-19 16:44:14.909819640,143,Notebook,Office Supplies,North,2,8,16,1.25
1368,2023-06-21 03:47:58.557114224,191,Laptop,Technology,West,4,711,2844,395.3
1369,2023-06-22 14:51:42.204408816,129,Tablet,Technology,South,7,1885,13195,3886.13
1370,2023-06-24 01:55:25.851703408,192,Printer,Technology,South,4,1515,6060,1505.89
1371,2023-06-25 12:59:09.498997992,145,Notebook,Office Supplies,North,4,36,144,25.1
1372,2023-06-27 00:02:53.146292584,105,Chair,Furniture,East,6,472,2832,382.16
1373,2023-06-28 11:06:36.793587168,198,Headphones,Technology,North,6,1918,11508,3084.53
1374,2023-06-29 22:10:20.440881760,136,Pen,Office Supplies,West,3,29,87,16.2
1375,2023-07-01 09:14:04.088176352,123,Notebook,Office Supplies,East,9,31,279,66.85
1376,2023-07-02 20:17:47.735470936,192,Smartphone,Technology,South,2,1376,2752,656.43
1377,2023-07-04 07:21:31.382765528,145,Headphones,Technology,East,6,1066,6396,348.5
1378,2023-07-05 18:25:15.030060120,152,Notebook,Office Supplies,South,7,16,112,9.14
1379,2023-07-07 05:28:58.677354704,194,Tablet,Technology,East,9,667,6003,1290.09
1380,2023-07-08 16:32:42.324649296,198,Pen,Office Supplies,East,3,30,90,8.14
1381,2023-07-10 03:36:25.971943888,159,Tablet,Technology,East,3,682,2046,232.98
1382,2023-07-11 14:40:09.619238472,196,Pen,Office Supplies,West,7,16,112,32.11
1383,2023-07-13 01:43:53.266533064,162,Smartphone,Technology,West,4,1085,4340,824.8
1384,2023-07-14 12:47:36.913827656,184,Headphones,Technology,North,8,706,5648,1342.43
1385,2023-07-15 23:51:20.561122240,131,Chair,Furniture,North,7,419,2933,555.79
1386,2023-07-17 10:55:04.208416832,186,Tablet,Technology,South,5,1981,9905,1863.41
1387,2023-07-18 21:58:47.855711424,132,Tablet,Technology,West,7,1721,12047,885.91
1388,2023-07-20 09:02:31.503006008,166,Backpack,Furniture,South,3,487,1461,198.57
1389,2023-07-21 20:06:15.150300600,117,Pen,Office Supplies,North,2,3,6,0.72
1390,2023-07-23 07:09:58.797595184,124,Desk,Furniture,South,6,163,978,144.43
1391,2023-07-24 18:13:42.444889776,194,Headphones,Technology,North,2,1615,3230,806.16
1392,2023-07-26 05:17:26.092184368,153,Pen,Office Supplies,West,3,45,135,19.3
1393,2023-07-27 16:21:09.739478952,157,Backpack,Furniture,East,6,298,1788,291.31
1394,2023-07-29 03:24:53.386773544,166,Laptop,Technology,West,5,397,1985,296.45
1395,2023-07-30 14:28:37.034068136,145,Pen,Office Supplies,South,8,40,320,23.47
1396,2023-08-01 01:32:20.681362720,123,Chair,Furniture,South,9,137,1233,197.61
1397,2023-08-02 12:36:04.328657312,131,Headphones,Technology,West,3,1590,4770,471.76
1398,2023-08-03 23:39:47.975951904,146,Backpack,Furniture,West,3,487,1461,141.25
1399,2023-08-05 10:43:31.623246488,185,Laptop,Technology,North,3,1945,5835,428.93
1400,2023-08-06 21:47:15.270541080,122,Printer,Technology,South,6,1321,7926,1103.04
1401,2023-08-08 08:50:58.917835672,165,Backpack,Furniture,South,1,383,383,91.68
1402,2023-08-09 19:54:42.565130256,126,Printer,Technology,West,7,370,2590,308.5
1403,2023-08-11 06:58:26.212424848,101,Headphones,Technology,East,1,1706,1706,218.52
1404,2023-08-12 18:02:09.859719440,189,Tablet,Technology,South,5,335,1675,352.87
1405,2023-08-14 05:05:53.507014024,116,Backpack,Furniture,East,8,168,1344,133.0
1406,2023-08-15 16:09:37.154308616,132,Smartphone,Technology,West,4,1157,4628,1269.18
1407,2023-08-17 03:13:20.801603200,108,Printer,Technology,West,5,455,2275,409.61
1408,2023-08-18 14:17:04.448897792,142,Chair,Furniture,North,4,485,1940,314.09
1409,2023-08-20 01:20:48.096192384,147,Smartphone,Technology,South,4,505,2020,382.7
1410,2023-08-21 12:24:31.743486968,138,Notebook,Office Supplies,East,8,39,312,28.55
1411,2023-08-22 23:28:15.390781560,192,Notebook,Office Supplies,North,2,32,64,13.02
1412,2023-08-24 10:31:59.038076152,141,Laptop,Technology,South,1,1234,1234,173.72
1413,2023-08-25 21:35:42.685370736,125,Tablet,Technology,North,3,1062,3186,873.91
1414,2023-08-27 08:39:26.332665328,198,Headphones,Technology,West,9,833,7497,691.32
1415,2023-08-28 19:43:09.979959920,149,Backpack,Furniture,South,4,479,1916,338.68
1416,2023-08-30 06:46:53.627254504,124,Desk,Furniture,North,5,57,285,56.87
1417,2023-08-31 17:50:37.274549096,123,Chair,Furniture,North,2,245,490,28.59
1418,2023-09-02 04:54:20.921843688,112,Printer,Technology,East,4,558,2232,314.54
1419,2023-09-03 15:58:04.569138272,159,Headphones,Technology,North,2,1727,3454,805.33
1420,2023-09-05 03:01:48.216432864,106,Smartphone,Technology,South,2,1877,3754,957.62
1421,2023-09-06 14:05:31.863727456,156,Notebook,Office Supplies,South,4,33,132,16.93
1422,2023-09-08 01:09:15.511022040,135,Chair,Furniture,East,6,170,1020,254.64
1423,2023-09-09 12:12:59.158316632,144,Desk,Furniture,South,7,133,931,271.8
1424,2023-09-10 23:16:42.805611216,119,Backpack,Furniture,West,3,256,768,202.92
1425,2023-09-12 10:20:26.452905808,164,Laptop,Technology,South,3,1651,4953,393.32
1426,2023-09-13 21:24:10.100200400,107,Desk,Furniture,South,6,380,2280,535.65
1427,2023-09-15 08:27:53.747494984,115,Chair,Furniture,North,3,360,1080,140.31
1428,2023-09-16 19:31:37.394789576,113,Desk,Furniture,North,2,277,554,164.6
1429,2023-09-18 06:35:21.042084168,175,Chair,Furniture,South,8,494,3952,677.13
1430,2023-09-19 17:39:04.689378752,186,Chair,Furniture,East,5,268,1340,108.02
1431,2023-09-21 04:42:48.336673344,114,Pen,Office Supplies,North,1,9,9,2.08
1432,2023-09-22 15:46:31.983967936,191,Printer,Technology,East,3,498,1494,195.34
1433,2023-09-24 02:50:15.631262520,197,Notebook,Office Supplies,South,8,11,88,26.34
1434,2023-09-25 13:53:59.278557112,165,Pen,Office Supplies,South,4,3,12,3.54
1435,2023-09-27 00:57:42.925851704,131,Backpack,Furniture,West,7,199,1393,298.15
1436,2023-09-28 12:01:26.573146288,186,Pen,Office Supplies,North,2,23,46,3.79
1437,2023-09-29 23:05:10.220440880,162,Tablet,Technology,South,7,1739,12173,2698.94
1438,2023-10-01 10:08:53.867735472,185,Tablet,Technology,West,5,1269,6345,464.82
1439,2023-10-02 21:12:37.515030056,150,Notebook,Office Supplies,North,5,18,90,5.16
1440,2023-10-04 08:16:21.162324648,124,Desk,Furniture,South,6,330,1980,506.36
1441,2023-10-05 19:20:04.809619232,157,Printer,Technology,South,9,311,2799,286.72
1442,2023-10-07 06:23:48.456913824,162,Notebook,Office Supplies,North,6,35,210,30.4
1443,2023-10-08 17:27:32.104208416,161,Chair,Furniture,North,8,425,3400,997.44
1444,2023-10-10 04:31:15.751503000,121,Smartphone,Technology,North,7,192,1344,180.38
1445,2023-10-11 15:34:59.398797592,157,Printer,Technology,South,9,391,3519,436.79
1446,2023-10-13 02:38:43.046092184,157,Printer,Technology,South,4,1389,5556,1553.19
1447,2023-10-14 13:42:26.693386768,185,Chair,Furniture,West,2,120,240,18.64
1448,2023-10-16 00:46:10.340681360,148,Chair,Furniture,East,7,263,1841,441.65
1449,2023-10-17 11:49:53.987975952,151,Laptop,Technology,North,6,539,3234,960.55
1450,2023-10-18 22:53:37.635270536,141,Notebook,Office Supplies,South,1,12,12,3.3
1451,2023-10-20 09:57:21.282565128,169,Chair,Furniture,South,9,258,2322,494.39
1452,2023-10-21 21:01:04.929859720,114,Tablet,Technology,North,9,610,5490,705.55
1453,2023-10-23 08:04:48.577154304,153,Backpack,Furniture,East,2,61,122,13.86
1454,2023-10-24 19:08:32.224448896,159,Smartphone,Technology,North,3,727,2181,555.75
1455,2023-10-26 06:12:15.871743488,196,Notebook,Office Supplies,East,5,18,90,24.3
1456,2023-10-27 17:15:59.519038072,107,Headphones,Technology,South,5,1502,7510,1362.0
1457,2023-10-29 04:19:43.166332664,152,Tablet,Technology,East,1,1876,1876,208.4
1458,2023-10-30 15:23:26.813627248,159,Desk,Furniture,West,8,177,1416,110.78
1459,2023-11-01 02:27:10.460921840,104,Chair,Furniture,South,8,235,1880,134.97
1460,2023-11-02 13:30:54.108216432,167,Headphones,Technology,West,4,1743,6972,1601.95
1461,2023-11-04 00:34:37.755511016,105,Chair,Furniture,North,7,481,3367,521.98
1462,2023-11-05 11:38:21.402805608,195,Printer,Technology,North,3,183,549,151.71
1463,2023-11-06 22:42:05.050100200,193,Tablet,Technology,North,6,1140,6840,1606.84
1464,2023-11-08 09:45:48.697394784,146,Printer,Technology,East,9,1921,17289,1691.13
1465,2023-11-09 20:49:32.344689376,198,Laptop,Technology,South,1,1080,1080,219.72
1466,2023-11-11 07:53:15.991983968,154,Printer,Technology,North,5,997,4985,792.0
1467,2023-11-12 18:56:59.639278552,139,Laptop,Technology,North,4,1599,6396,1242.82
1468,2023-11-14 06:00:43.286573144,151,Laptop,Technology,South,8,122,976,228.89
1469,2023-11-15 17:04:26.933867736,115,Headphones,Technology,North,1,448,448,112.69
1470,2023-11-17 04:08:10.581162320,112,Chair,Furniture,West,9,424,3816,995.73
1471,2023-11-18 15:11:54.228456912,129,Desk,Furniture,South,6,182,1092,123.94
1472,2023-11-20 02:15:37.875751496,118,Printer,Technology,South,4,627,2508,144.91
1473,2023-11-21 13:19:21.523046088,116,Tablet,Technology,South,9,908,8172,1918.98
1474,2023-11-23 00:23:05.170340680,162,Laptop,Technology,West,5,179,895,68.54
1475,2023-11-24 11:26:48.817635264,118,Chair,Furniture,South,5,438,2190,281.92
1476,2023-11-25 22:30:32.464929856,191,Smartphone,Technology,West,5,1539,7695,392.09
1477,2023-11-27 09:34:16.112224448,157,Notebook,Office Supplies,South,1,14,14,3.09
1478,2023-11-28 20:37:59.759519032,154,Headphones,Technology,East,1,1861,1861,170.81
1479,2023-11-30 07:41:43.406813624,189,Desk,Furniture,North,8,485,3880,829.62
1480,2023-12-01 18:45:27.054108216,189,Pen,Office Supplies,East,8,10,80,23.83
1481,2023-12-03 05:49:10.701402800,161,Headphones,Technology,North,6,1610,9660,658.5
1482,2023-12-04 16:52:54.348697392,122,Smartphone,Technology,West,4,842,3368,233.3
1483,2023-12-06 03:56:37.995991984,108,Notebook,Office Supplies,East,2,33,66,8.92
1484,2023-12-07 15:00:21.643286568,111,Smartphone,Technology,South,2,213,426,113.57
1485,2023-12-09 02:04:05.290581160,100,Printer,Technology,North,9,144,1296,134.63
1486,2023-12-10 13:07:48.937875752,157,Laptop,Technology,North,5,1855,9275,1299.38
1487,2023-12-12 00:11:32.585170336,100,Desk,Furniture,East,4,340,1360,91.29
1488,2023-12-13 11:15:16.232464928,133,Backpack,Furniture,West,1,129,129,31.06
1489,2023-12-14 22:18:59.879759512,195,Laptop,Technology,East,7,385,2695,409.85
1490,2023-12-16 09:22:43.527054104,147,Backpack,Furniture,West,3,329,987,236.69
1491,2023-12-17 20:26:27.174348696,188,Notebook,Office Supplies,West,6,46,276,76.15
1492,2023-12-19 07:30:10.821643280,100,Chair,Furniture,North,5,400,2000,216.38
1493,2023-12-20 18:33:54.468937872,115,Pen,Office Supplies,East,5,3,15,3.78
1494,2023-12-22 05:37:38.116232464,160,Tablet,Technology,East,5,532,2660,172.3
1495,2023-12-23 16:41:21.763527048,163,Laptop,Technology,West,1,951,951,261.25
1496,2023-12-25 03:45:05.410821640,162,Desk,Furniture,East,1,44,44,9.36
1497,2023-12-26 14:48:49.058116232,168,Smartphone,Technology,South,3,1726,5178,1390.59
1498,2023-12-28 01:52:32.705410816,121,Desk,Furniture,South,4,136,544,27.23
1499,2023-12-29 12:56:16.352705408,192,Notebook,Office Supplies,East,5,34,170,15.69
1500,2023-12-31 00:00:00.000000000,166,Backpack,Furniture,East,2,411,822,121.2
